Country Name;Country Code;Indicator Name;Indicator Code;1990;1991;1992;1993;1994;1995;1996;1997;1998;1999;2000;2001;2002;2003;2004;2005;2006;2007;2008;2009;2010;2011;2012;2013;2014;2015;2016;2017;2018;2019;2020
Afganistán;AFG;Emisiones de CO2 (kt);EN.ATM.CO2E.KT;204687;194137;152547;152789;149359;145769;14073;13441;1318;1122;107812;1088638;140303;1653207;1292307;1961711;228368;284781;437564;655897;857615;1196189;1020813;940205;928134;1005759;929493;1002278;1097238;1123883;870947
Angola;AGO;Emisiones de CO2 (kt);EN.ATM.CO2E.KT;65642;66745;68773;92697;1129823;1271948;154424;161549;167679;1761322;1620416;159559;156895;167648;174536;158112;165586;169664;192753;21145;228015;238658;23868;269587;296105;316489;295207;250648;236374;243829;198145
Albania;ALB;Emisiones de CO2 (kt);EN.ATM.CO2E.KT;60605;41196;22393;20784;20847;19511;1968;147916;180455;298535;318654;32342;37619;41374;43223;40959;40818;42584;42095;43682;47854;51367;45418;47954;5188;4797;45732;54037;53161;49933;43832
Andorra;AND;Emisiones de CO2 (kt);EN.ATM.CO2E.KT;406704;406704;406704;410368;406704;425024;454336;465328;490976;51296;523952;523952;53128;534944;560592;575248;545936;538608;538608;516624;516624;490976;487312;47632;461664;465328;468992;465328;49464;479984;448884399
El mundo árabe;ARB;Emisiones de CO2 (kt);EN.ATM.CO2E.KT;63247287;634670889;68896938;74181784;78620954;81018027;83886428;87977168;88460246;8965233;93398854;98550825;101903888;104996051;11064976;11821323;124503215;12961345;140075546;14475536;15336766;15674058;16741467;170682079;176658307;180914715;182758797;18432317;18263519;184584637;17650529
Emiratos Árabes Unidos;ARE;Emisiones de CO2 (kt);EN.ATM.CO2E.KT;552104;615641;597028;636202;707796;751667;785283;814409;834496;856798;847291;971965;991463;1038205;1100076;1164539;1215625;1318316;1560444;1570198;1627889;1666315;1756879;1849608;1866398;1954094;2003985;191935;1742203;1856457;1880887
Argentina;ARG;Emisiones de CO2 (kt);EN.ATM.CO2E.KT;1003139;1059066;1079211;1102565;1119099;1128867;1225459;1261187;1326699;134502;1322655;1252552;1174621;1276535;1413764;1459954;1549175;1628202;1672318;1565675;1672263;1766416;1779553;1832557;1796007;185550;1831587;1792673;1768946;168162;1545359
Armenia;ARM;Emisiones de CO2 (kt);EN.ATM.CO2E.KT;198452;206896;1075596;497449;270787;343676;248191;33243;34925;3103;3561;3602;31187;34954;37638;44609;44892;52044;56855;45108;43366;49371;57165;55015;5479;53434;50667;53713;57122;61956;67466
Antigua y Barbuda;ATG;Emisiones de CO2 (kt);EN.ATM.CO2E.KT;2182;2214;2185;222;2252;2352;2548;2676;286;2993;3125;3219;3351;3607;3674;3767;398;4192;4281;4536;4658;4561;4699;4729;4766;4902;5005;5001;5086;509;4746
Australia;AUS;Emisiones de CO2 (kt);EN.ATM.CO2E.KT;2634375;2647097;2683665;2730169;2800963;2901415;3001804;3077785;3275369;3336777;3394228;3456094;3533158;3528935;3661416;3688019;3741044;3843683;3875703;3938597;3959932;3944367;395690;3884274;3792672;3857824;3948036;3971494;3960599;3951991;3789968
Austria;AUT;Emisiones de CO2 (kt);EN.ATM.CO2E.KT;582757;624232;57668;57804;582882;611864;649029;642241;646731;630551;635386;679144;693742;744679;758021;762424;741044;71248;707347;644207;699651;68276;65112;657527;620545;632547;636971;658677;631314;644978;591424
Azerbaiyán;AZE;Emisiones de CO2 (kt);EN.ATM.CO2E.KT;534837;520594;636132;48052;335153;324749;271933;264896;264905;261222;276872;263972;261776;285694;283119;300434;304884;276277;304476;254958;243119;272821;301106;309396;322434;317733;322394;31957;327281;35521;34305
Burundi;BDI;Emisiones de CO2 (kt);EN.ATM.CO2E.KT;1876;2296;2012;2106;2106;2169;2233;2262;2325;2338;2626;2102;2181;1712;1596;161;1916;1921;1987;1981;3233;3593;3642;3664;3648;3668;442;5291;6649;7074;713466
Bélgica;BEL;Emisiones de CO2 (kt);EN.ATM.CO2E.KT;1093126;1139601;1123293;1101083;1149014;1145687;1194484;1166347;1194128;1155145;1172746;1183398;1108502;1155021;1133508;1109602;1080815;1039058;1067154;999044;1068728;964882;952756;965506;903624;95096;941716;925874;935232;929894;853641
Benin;BEN;Emisiones de CO2 (kt);EN.ATM.CO2E.KT;33011;27351;28261;28729;28034;30207;97349;123654;12147;13405;14245;17351;21773;24432;26464;28996;34714;39982;40176;44172;48251;46526;44447;46764;51861;55056;6739;68762;7604;74755;79804
Burkina Faso;BFA;Emisiones de CO2 (kt);EN.ATM.CO2E.KT;5941;5996;6108;6236;6258;63972;7249;82785;87932;93339;104893;102423;102723;110248;113384;115129;140048;168282;19096;19301;20943;22004;2693;2947;2997;38018;39978;46252;51477;56465;54567
Bangladesh;BGD;Emisiones de CO2 (kt);EN.ATM.CO2E.KT;1152373;1083076;1182348;125684;1354345;1655448;168253;189709;192495;201055;206867;256345;272842;286298;305275;327108;359028;379923;415808;44750;504876;543099;589852;629657;663131;731569;811289;87658;959446;92645;854931
Bulgaria;BGR;Emisiones de CO2 (kt);EN.ATM.CO2E.KT;736057;588265;553641;559252;53724;548828;553017;529946;504775;44322;434211;461856;435999;479333;472657;479856;489548;525987;500393;429078;447406;496376;450231;396607;420544;445565;415867;438851;408982;391599;341381
Bahrein;BHR;Emisiones de CO2 (kt);EN.ATM.CO2E.KT;1073746;1034653;1227225;1306622;1337203;1353588;1415498;1441578;1548892;1545088;158765;1638632;1722148;1794411;179273;206937;224854;23001;247622;247171;259657;260176;271742;28853;302827;304924;303011;305149;308444;329668;324702
Bahamas;BHS;Emisiones de CO2 (kt);EN.ATM.CO2E.KT;20146;20853;19525;18251;18496;19242;18947;16957;20807;21274;21153;20345;20688;2116;20947;19556;19066;19317;19812;20085;19794;2183;23943;28054;25189;22074;20407;21702;27954;26227;2456
Bosnia y Herzegovina;BIH;Emisiones de CO2 (kt);EN.ATM.CO2E.KT;239656;21441;1596667;1340399;316267;336947;418803;8493;107607;105161;139551;137637;14556;148714;155717;162254;179102;188885;207612;205897;208425;237382;219602;218478;195068;19629;223566;226927;226158;211243;209468
Belarús;BLR;Emisiones de CO2 (kt);EN.ATM.CO2E.KT;99830;962178;877486;762094;646456;575078;584536;590205;572019;549579;529675;517202;517529;525259;557534;564646;587941;573269;602317;571773;614437;583258;597383;598912;594318;548713;552014;56247;592716;576812;548015
Belice;BLZ;Emisiones de CO2 (kt);EN.ATM.CO2E.KT;3403;4416;3825;4057;4027;4052;3306;419;3996;3744;4252;4814;4497;4502;4096;4353;4612;4916;4509;532;5312;5734;4653;4574;4837;6751;6513;6431;630;7362;6876
Bolivia;BOL;Emisiones de CO2 (kt);EN.ATM.CO2E.KT;104079;108679;111737;102605;9565;86345;83312;91863;87286;82852;81081;78129;83395;88787;93824;9883;107149;119075;127342;135704;147022;159917;16961;181239;194783;200029;213287;216282;218812;218288;183753
Brasil;BRA;Emisiones de CO2 (kt);EN.ATM.CO2E.KT;1978974;2054754;2078654;2152595;2224975;2412838;2624141;281335;2905872;3009587;3136708;3193757;3177565;3108081;3285173;3316891;3356246;3525558;3736331;3500009;3979311;4182954;4542329;4868447;511618;4853441;4470773;4556848;4338388;434318;4141388
Barbados;BRB;Emisiones de CO2 (kt);EN.ATM.CO2E.KT;100432;100003;92575;87684;92958;9466;98047;106852;11371;12087;11881;12168;12063;12499;12802;13261;13476;1367;1619;15997;14815;151625;146762;143947;128207;126957;129077;117997;127017;116727;109607
Brunei Darussalam;BRN;Emisiones de CO2 (kt);EN.ATM.CO2E.KT;32603;33845;35854;39281;42651;46007;48272;52252;45179;4433;47179;47088;46201;55155;5103;49913;75208;71432;79125;78743;71708;73327;72995;72088;70803;63977;69685;72902;7540;70578;9588
Bhután;BTN;Emisiones de CO2 (kt);EN.ATM.CO2E.KT;18539;1828;20511;17705;2059;24603;29656;38117;37742;37853;38884;37931;41152;37773;31351;39542;3975;39871;42262;39683;49318;7442;8339;908;10124;10421;12284;13095;14543;1433;10352
Botswana;BWA;Emisiones de CO2 (kt);EN.ATM.CO2E.KT;28074;27347;32983;32497;30801;31898;29159;3066;36822;38585;40338;38656;40267;3915;39703;42786;40869;43198;43927;418658;33717;3883337;3414335;5421539;6988912;6949712;6629312;7337512;80613875;71983;5763687
República Centroafricana;CAF;Emisiones de CO2 (kt);EN.ATM.CO2E.KT;148;142;1515;1576;1607;1638;167;167;2274;2368;2432;253;2498;231;2262;2241;2343;2378;1714;1682;1748;1942;1972;1206;1304;1844;2064;2224;2291;2354;2366
Canadá;CAN;Emisiones de CO2 (kt);EN.ATM.CO2E.KT;4194922;4132986;4263673;4220478;4367646;448046;4617007;4768159;4847918;4942785;5142151;5066159;5243534;5445418;5364173;5490327;5405256;571632;5505532;5213994;5370915;5493699;5462916;5557424;5617605;5587472;5568741;5681759;5795739;5660018;5168737
Europa Central y del Báltico;CEB;Emisiones de CO2 (kt);EN.ATM.CO2E.KT;9912464;9162981;8506987;82625311;8055099;80924102;8352091;8095966;7602267;717907;71057487;722553;7077002;7362221;7351011;735068;7533881;7588388;7403436;6847806;7084179;7094989;6823249;6558377;6354365;644756;6567539;6840833;6784465;6436121;59849002
Suiza;CHE;Emisiones de CO2 (kt);EN.ATM.CO2E.KT;433265;456668;457026;43452;42593;434394;44006;427483;442473;445281;437088;451547;435733;448395;452839;458507;454793;435412;449625;436686;452078;411923;425166;435312;397933;390908;396665;38699;374813;373763;349161
Chile;CHL;Emisiones de CO2 (kt);EN.ATM.CO2E.KT;305336;292434;303469;324651;358268;38972;448963;512852;520137;544303;504245;484251;491214;502006;549721;559689;571481;64574;679916;654506;697491;764705;784126;829985;765603;822604;865047;871369;865813;919154;848278
China;CHN;Emisiones de CO2 (kt);EN.ATM.CO2E.KT;21733642;23021852;24181753;26454117;27676664;30886202;30705051;31341126;32362786;31536611;33465258;35290813;37961571;44244126;51132166;58246251;64374703;69931828;71996047;77190714;84749227;92825537;95405397;9979128;100210434;98592812;9860914;100892732;10567262;10762824;109446862
Côte d'Ivoire;CIV;Emisiones de CO2 (kt);EN.ATM.CO2E.KT;27054;27915;27721;29573;30936;33651;40536;49726;49897;68314;64894;64943;68389;53076;54661;58765;56987;56578;64747;60312;63506;61183;80377;86924;91969;98057;95935;105638;101948;108389;108949
Camerún;CMR;Emisiones de CO2 (kt);EN.ATM.CO2E.KT;2900;69662;68468;57669;46193;46795;47554;48624;50405;47884;52091;51568;51333;5206;51226;50163;50917;61315;63935;70324;70144;68015;68667;75268;82228;85002;89747;9076;97497;95573;99284
Congo, República Democrática del;COD;Emisiones de CO2 (kt);EN.ATM.CO2E.KT;3179;17379;148242;189619;220823;211094;227134;226997;227574;209808;163493;156544;16502;19986;19397;22087;22828;24728;25533;25028;26539;30169;28273;39595;51361;32314;242114;2845;28139;30312;30256
Congo, República del;COG;Emisiones de CO2 (kt);EN.ATM.CO2E.KT;320115;319342;312817;269049;20547;263481;316804;3266223;38757;39618;4346986;42435;27552;32249;35145;431323;477796;415072;436059;483856;542335;538397;526075;531161;51751;5655;54976;54067;62169;70061;71539
Colombia;COL;Emisiones de CO2 (kt);EN.ATM.CO2E.KT;493644;510987;531994;566599;575145;600433;592533;64837;650714;559221;589955;595883;57373;56716;566089;58187;58193;597099;602981;626706;641461;697711;702232;777254;80091;810172;835262;75674;793552;791867;790576
Comoras;COM;Emisiones de CO2 (kt);EN.ATM.CO2E.KT;655;687;703;733;749;78;796;843;922;969;1049;1098;1097;1397;1532;147;1721;1118;1141;1404;1678;150;1601;1922;1719;1859;2179;279;3027;3262;3282
Cabo Verde;CPV;Emisiones de CO2 (kt);EN.ATM.CO2E.KT;1838;1698;1829;1731;1759;2017;2224;2301;2481;2956;3058;3585;392;4191;416;4515;5187;460;4757;5106;5407;5668;5256;502;4964;4999;5429;5847;5947;6172;6206
Costa Rica;CRI;Emisiones de CO2 (kt);EN.ATM.CO2E.KT;28712;30616;41485;41809;48505;48098;45269;44939;50153;5034;49468;54227;55232;57989;59436;62739;6557;76025;75153;71985;71055;74308;74467;77787;78323;75379;80089;81735;81666;79564;69674
Estados pequeos del Caribe;CSS;Emisiones de CO2 (kt);EN.ATM.CO2E.KT;27695208097;27978372072;28528882047;26203362022;24806982797;25222981167;26225193537;27077785907;28405224277;28791492647;2848522;3003396;3081146;3422346;3511006;3662706;4035077;4106658;3849849;3597417;3830147;3966078;3911825;4047758;400854586;392844;37223056;363133;378015;3761499;3277699
Cuba;CUB;Emisiones de CO2 (kt);EN.ATM.CO2E.KT;356216;27418;217718;201523;217194;231755;252034;274482;271125;279985;283531;274651;264235;256286;253648;263179;267802;276775;267471;269796;28110;275863;286909;288697;266771;292098;271764;262413;266746;244185;243278
Chipre;CYP;Emisiones de CO2 (kt);EN.ATM.CO2E.KT;45912;5109;54797;57358;59779;5848;62113;63049;6610;68711;71277;69921;71685;78341;77788;79008;79994;83071;84907;82761;78984;76346;70988;64277;68118;68519;72192;73612;71986;7191;67718
República Checa;CZE;Emisiones de CO2 (kt);EN.ATM.CO2E.KT;1531493;1397571;1368424;1309822;1251997;124519;1284837;1260058;1197673;1123599;1247167;1243413;1202099;1233729;123786;1218936;1225536;1244328;1187183;1132461;1141676;1112201;1073202;1029103;999606;1011675;102998;1035499;1027343;977129;888352
Alemania;DEU;Emisiones de CO2 (kt);EN.ATM.CO2E.KT;9553077;9325481;8928174;887057;8758971;8746594;9043374;8726465;8652537;8335949;8302841;8476782;8333822;8367945;8210736;8023832;8144131;783803;7896904;7348055;7730691;7464773;7601277;7761518;7360117;7423144;7471472;7322042;7077702;6586935;6033505
Djibouti;DJI;Emisiones de CO2 (kt);EN.ATM.CO2E.KT;2741;2882;3045;3058;2955;3158;296;3318;3938;3933;3734;3765;3996;4144;3958;4293;4326;4702;4743;4655;5191;4749;4926;55879;40217;44655;39547;4034;4149;42827;4277
Dominica;DMA;Emisiones de CO2 (kt);EN.ATM.CO2E.KT;627;627;628;661;694;831;697;911;929;1023;1253;1391;1056;1215;1443;1484;1553;164;1657;1638;1725;1521;167;1714;180;1809;1825;1656;1653;1741;1628
Dinamarca;DNK;Emisiones de CO2 (kt);EN.ATM.CO2E.KT;51978;627003;569703;593011;631715;600384;733751;636173;597103;567285;52602;542454;538397;59234;537276;502019;58134;534114;501277;479336;481248;43098;382162;399607;35820;337049;353403;33184;331333;296965;273565
República Dominicana;DOM;Emisiones de CO2 (kt);EN.ATM.CO2E.KT;78607;82296;96204;95204;111383;118447;127285;145028;166161;17794;186706;189837;208841;187252;172822;186908;203685;206268;205813;196572;206808;209139;216815;212872;214507;235905;245935;235513;25366;257752;228813
Argelia;DZA;Emisiones de CO2 (kt);EN.ATM.CO2E.KT;629369;664285;668446;722191;736062;764402;761238;744332;746491;775053;800468;786455;824043;881889;894927;941878;998087;1027502;1077455;1121722;1141794;1207849;1349342;1390241;1477352;156273;1546543;1577044;1645341;1705824;161563
Asia oriental y el Pacífico (excluido altos ingresos);EAP;Emisiones de CO2 (kt);EN.ATM.CO2E.KT;2665961556;282314184;2,95E+12;3,21E+12;3,37E+12;3,75E+12;3,77E+11;3,89E+12;3,97E+12;3,93E+12;414151842;436677171;466476444;5344565;609055399;683467603;74774209;807479443;83116641;881602869;96542931;105159887;108097993;1125264383;113724103;112540773;11291996;116081284;122145994;125359967;126606982
inicial del dividendo demográfico;EAR;Emisiones de CO2 (kt);EN.ATM.CO2E.KT;2,61E+12;2,74E+12;2,81E+12;2,91E+12;3,05E+12;3,18E+12;3,34E+12;3,50E+11;3,61E+12;3,73E+11;386790042;396258965;408458354;425213845;448028894;467096526;492495637;522006237;541974008;558124439;585723062;6085825117;6383658605;6455704659;6781898692;6839149542;6951805908;7211474182;73826563575;734734873;6805648307
Asia oriental y el Pacífico;EAS;Emisiones de CO2 (kt);EN.ATM.CO2E.KT;4322250256;452322124;4,69E+12;4,99E+12;5,23E+12;5,66E+12;5,74E+11;5,87E+12;5,86E+12;5,90E+12;618898182;641983411;676337254;74524414;822751279;897614183;96114231;1026958853;104535388;1091683029;118634202;128051121;131432663;1359110273;136405728;135102012;135502893;13869889;144371763;147032574;147081356
Europa y Asia central (excluido altos ingresos);ECA;Emisiones de CO2 (kt);EN.ATM.CO2E.KT;3,84E+12;3,73E+12;3,51E+12;3,20E+12;2,84E+12;2,75E+11;2,65E+12;2,52E+12;2,52E+12;2,51E+12;2,58E+12;2,57E+11;2,60E+12;2,71E+12;2,71E+12;27224349;28339816;28910146;293027856;270371295;28406208;29973341;29596643;29047942;28110274;27397096;27713621;2832835;2913541;29221902;28307148
Europa y Asia central;ECS;Emisiones de CO2 (kt);EN.ATM.CO2E.KT;7,97E+12;7,85E+12;7,50E+12;7,11E+12;6,74E+12;6,69E+12;6,71E+12;6,49E+12;6,49E+12;6,43E+12;6,51E+12;6,57E+11;6,58E+12;6,79E+12;6,79E+12;6,79E+12;69087525068;6,91E+12;6,86E+12;6,34E+12;6,58E+12;6,59E+12;6,52E+12;6,39E+12;6,10E+11;6,07E+12;6,10E+12;6,17E+12;6,18E+12;6,03E+12;5,64E+12
Ecuador;ECU;Emisiones de CO2 (kt);EN.ATM.CO2E.KT;154226;157403;168452;169528;188041;209179;239977;249536;244699;216144;220515;242515;241723;246558;261777;282203;301263;306359;31688;344985;37254;370966;370851;397011;418012;413903;397917;385493;402732;396314;34431
Egipto, República Árabe de;EGY;Emisiones de CO2 (kt);EN.ATM.CO2E.KT;877454;893695;909036;926619;879008;937223;989401;1060576;1109824;1165353;1146144;1267044;1294412;1330204;1445039;1622171;170745;1833957;1899352;1976605;2003133;2057673;2150009;2138564;2191211;2262836;2354258;2445405;237983;2179083;2107523
Zona del Euro;EMU;Emisiones de CO2 (kt);EN.ATM.CO2E.KT;26252111;26413587;25658501;251254491;25120163;255982272;26168959;25896939;26309799;26140657;263259897;2679463;26842659;27412924;27540537;27464181;27297563;26925468;26350023;24382448;25021054;24124032;23825235;23332415;22090175;22563907;2256275;22595226;22026689;2095558337;187283552
Eritrea;ERI;Emisiones de CO2 (kt);EN.ATM.CO2E.KT;0;0;4357;6307;73066;79667;87042;82407;61105;64632;63319;69292;67915;68498;7035;58983;52957;51652;44931;46783;50295;59589;62534;58943;59222;5709;5805;58147;6777;6972;7064
España;ESP;Emisiones de CO2 (kt);EN.ATM.CO2E.KT;2149506;2220997;2323696;2180798;2284527;2405673;2301132;2486031;2562155;2783005;2933143;2947868;3127533;3186577;3355603;3504998;3417763;3546831;3242742;2881312;2741406;2754701;2702804;2437949;2419799;2572512;2482521;2647237;2583732;2418865;2027058
Estonia;EST;Emisiones de CO2 (kt);EN.ATM.CO2E.KT;345449;318692;230106;183321;186857;164981;17480;178585;164278;154873;149325;152317;147951;16682;16755;168077;16090;197658;174815;140479;185004;185026;16989;188465;175949;143771;159072;167735;157169;100607;709752
Etiopía;ETH;Emisiones de CO2 (kt);EN.ATM.CO2E.KT;23107;23331;15172;19413;22614;25747;28705;30584;32276;31766;3557;44013;45715;50224;53342;50495;54048;59635;64877;65345;64732;75515;8559;101908;124903;130463;152472;158824;170284;17708;18098
Unión Europea;EUU;Emisiones de CO2 (kt);EN.ATM.CO2E.KT;35679009;35305561;3414360;335088441;33401501;339125172;34909342;34219791;34131068;33551126;336406147;34210572;3412869;35026991;35070591;34899839;34985367;34568704;33783858;31311975;32158027;31213889;3061105;29843295;28399761;28973179;2907404;29321455;2867932;2729768437;246502542
Frágiles y situaciones de conflicto afectados;FCS;Emisiones de CO2 (kt);EN.ATM.CO2E.KT;1,05E+12;1,01E+12;9,65E+11;9,16E+11;8,47E+11;8,56E+11;8,30E+11;8,37E+11;7,88E+11;7,65E+11;7,90E+11;8,15E+11;8,09E+11;8,38E+11;8,28E+11;8,41E+11;8,43E+11;8,38E+11;8,62E+11;8,18E+11;8,84E+11;8,88E+11;92772176;94340852;91857488;83415397;84583084;83737939;86657351;85447682;759327426
Finlandia;FIN;Emisiones de CO2 (kt);EN.ATM.CO2E.KT;545628;551327;522805;534618;599276;560925;625744;60624;572656;565099;550975;610881;634397;717081;676829;554602;670249;651027;566601;541809;625264;551234;494081;501913;461617;428154;457003;430154;443955;409871;363299
Fiji;FJI;Emisiones de CO2 (kt);EN.ATM.CO2E.KT;71298;72115;75835;74509;74333;75167;8086;78591;76625;78632;83658;10404;877;10365;13196;10711;1200;11288;8634;7667;11263;10558;9935;10669;12136;12638;11986;13311;13872;13935;10282
Francia;FRA;Emisiones de CO2 (kt);EN.ATM.CO2E.KT;3562979;3806913;3686557;3495246;3444754;3522831;3679596;3591405;3811823;3750036;3732358;3768603;3711672;3768387;3779485;3808161;371741;3630522;3582112;3438825;3479401;3350319;3383154;3384531;3060174;3111754;3138352;3177212;3069484;3005616;2671547
Micronesia (Estados Federados de);FSM;Emisiones de CO2 (kt);EN.ATM.CO2E.KT;0;0;1401;1497;1592;1848;1911;2013;214;1993;1873;1739;1583;1685;1497;1222;1208;1356;1171;1522;1052;1193;1324;1385;141;1449;1471;1467;1478;1482;1075
Gabón;GAB;Emisiones de CO2 (kt);EN.ATM.CO2E.KT;409912;455656;453188;465494;461551;521104;580606;556493;638929;602789;6080;622575;59554;64364;60911;60583;54371;494111;527257;520758;576209;577714;560197;579027;596205;61158;63837;53447;51204;52745;53492
Reino Unido;GBR;Emisiones de CO2 (kt);EN.ATM.CO2E.KT;5617745;5706816;5578856;5413764;5351832;5268082;5454781;5241912;5260006;5227526;5308882;5452622;5307859;5430371;5430759;540917;5420608;5305025;5153356;4664925;4826462;4456484;467831;4537781;415609;4010753;3821549;3668441;3605559;3459343;3086503
Georgia;GEO;Emisiones de CO2 (kt);EN.ATM.CO2E.KT;334883;255059;200729;160937;1044386;817732;63633;551889;499037;45222;47728;35162;29584;31572;33731;42431;47013;56266;48388;56243;53221;65218;7193;8024;8654;93994;98136;99071;97252;105496;10255
Ghana;GHA;Emisiones de CO2 (kt);EN.ATM.CO2E.KT;25169;22572;26576;26965;29146;31844;34833;36046;54387;58189;49495;54445;66697;6381;59248;63311;77985;84185;79669;93203;103826;108031;128765;138997;133667;143207;145453;15135;167749;180391;1940116
Guinea;GIN;Emisiones de CO2 (kt);EN.ATM.CO2E.KT;9991;10249;10553;10852;11219;11615;12304;12899;13626;14339;14949;15685;16305;17079;17729;18356;19014;19785;20128;21241;25028;26217;24688;2160;22257;25223;28065;33216;3735;4517;45379
Gambia;GMB;Emisiones de CO2 (kt);EN.ATM.CO2E.KT;1945;1981;1981;2072;2072;2169;2199;2293;2449;2599;2448;3086;2962;2962;3146;3295;3572;409;4277;4849;4342;4469;4529;4306;5068;5859;5932;6023;5978;6069;6114
Guinea-Bissau;GNB;Emisiones de CO2 (kt);EN.ATM.CO2E.KT;1719;1731;1776;1852;1836;185;177;1973;1724;1916;147;1482;1536;1951;2054;2095;2167;2299;2236;2346;241;2435;246;2474;2636;2819;305;3066;3178;3253;329
Guinea Ecuatorial;GNQ;Emisiones de CO2 (kt);EN.ATM.CO2E.KT;696;726;9019;9745;10505;1117;12249;16879;20519;3307;19823;28926;25435;27953;55176;56099;55844;63262;58161;60661;60478;60891;58689;5990;59466;54942;58301;53693;50685;48765;43504
Grecia;GRC;Emisiones de CO2 (kt);EN.ATM.CO2E.KT;756194;75818;781769;780909;797308;828345;827537;837617;871272;873955;944606;966078;965962;1002166;998446;1019473;1007028;1043099;1004056;947402;875785;845472;800853;724842;695487;680102;668486;667955;650212;599903;510022
Granada;GRD;Emisiones de CO2 (kt);EN.ATM.CO2E.KT;1149;1218;1255;1293;1389;1494;173;1832;198;2052;1986;2072;2105;2232;2168;228;2359;2508;2615;2624;2736;2603;2786;3171;2535;2726;2774;2875;3203;3462;3245
Guatemala;GTM;Emisiones de CO2 (kt);EN.ATM.CO2E.KT;3932;40347;48349;5118;54454;63691;6202;65663;83053;82185;94433;9840;104943;105686;107804;115576;115501;124422;112723;118844;114776;117749;121837;130463;139985;164559;174519;165301;180757;190178;168652
Guyana;GUY;Emisiones de CO2 (kt);EN.ATM.CO2E.KT;11719;11442;10807;1087;14131;15306;1580;17222;17476;17358;16603;16438;16219;16178;16717;14816;13328;16052;16037;16272;17593;18316;20008;19756;20633886;207993;24786;24738;25871;27959;27685
Ingreso alto;HIC;Emisiones de CO2 (kt);EN.ATM.CO2E.KT;1,14E+13;1,14E+13;1,15E+13;1,15E+12;1,17E+12;1,19E+13;1,23E+13;1,25E+13;1,25E+13;1,26E+13;1,29E+13;1,29E+12;1,28E+13;1,31E+13;1,32E+12;1,33E+13;1,32E+11;1,34E+13;1,31E+13;1,24E+13;1,29E+13;1,27E+13;1,25E+13;1,26E+13;1,24E+12;1,24E+13;1,23E+13;1,22E+13;1,22E+13;1,19E+13;1,09E+13
Honduras;HND;Emisiones de CO2 (kt);EN.ATM.CO2E.KT;24537;24546;27342;29007;32521;38685;39046;40367;4679;47452;49872;58001;60878;67262;75578;69736;79745;85361;85871;80729;79268;94704;99854;9685;98841;105382;103947;9377;90313;101964;88354
Países pobres muy endeudados (PPME);HPC;Emisiones de CO2 (kt);EN.ATM.CO2E.KT;5967975;618005628;61682293;59177292;59789644;63207063;66857095;71473086;75518595;78133474;79236603;82995648;8776576;91838104;96808522;101825947;110324642;118850086;124934147;13316886;143523907;1552429249;1640306;17209018;1824985086;19455088;20499772;21244909;22187568;23565682;224996636
Croacia;HRV;Emisiones de CO2 (kt);EN.ATM.CO2E.KT;203414;147449;150312;155365;14865;154529;152544;170696;185275;185136;180344;19196;202767;216079;210927;21445;215983;22872;217263;203059;194573;190276;17403;170106;162364;166023;168768;174079;164334;165233;156269
Haití;HTI;Emisiones de CO2 (kt);EN.ATM.CO2E.KT;102042;10016;90101;6945;189;9023;10582;12742;1310;13817;14733;16005;18272;18103;16668;17048;17188;20454;20293;19914;24582;269754;241534;265086;302114;328044;336454;332624;328974;331734;320904
Hungría;HUN;Emisiones de CO2 (kt);EN.ATM.CO2E.KT;67421;645522;580019;583824;577843;574313;584549;569901;573533;579105;546333;562804;555999;581869;563498;559212;554575;538504;530142;478391;478805;469073;434272;407626;406252;433841;442484;494498;492029;472618;447693
Sólo BIRF;IBD;Emisiones de CO2 (kt);EN.ATM.CO2E.KT;8,93E+12;9,04E+12;9,03E+12;9,09E+12;9,03E+12;9,45E+12;9,54E+12;9,67E+12;9,75E+12;9,74E+12;1,01E+13;1,04E+12;1,08E+13;1,17E+13;1,27E+13;1358224801;1451252517;1540178809;1586415226;1626990692;1749300336;18681912707;19248774835;19792020549;20038180862;19836736512;19913335898;20409330842;2,12E+11;2146294042;20952613307
BIRF y la AIF;IBT;Emisiones de CO2 (kt);EN.ATM.CO2E.KT;9,36E+14;9,48E+12;9,47E+12;9,53E+11;9,46E+12;9,89E+12;1,00E+13;1,01E+13;1,02E+12;1,03E+13;1,06E+13;1,10E+13;1,14E+13;1,23E+13;1,33E+12;1,42E+13;1,51E+13;1,61E+13;1,65E+13;1,69E+13;1,82E+13;1,94E+13;19971471635;20532522319;2,08E+11;20620384742;20755543988;21305472432;2,21E+11;2240664081;21862973943
total de la AIF;IDA;Emisiones de CO2 (kt);EN.ATM.CO2E.KT;4,23E+11;4,39E+11;4,44E+11;4,39E+11;42782669453;4,41E+11;4,71E+11;48096129677;4,99E+11;5,14E+11;5,35E+11;5,53E+11;5,55E+11;5,69E+11;5,94E+11;6,14E+11;6,36E+11;6,56E+11;6,72E+11;6,64E+11;7,03E+11;7,28E+11;7226968;74050177;7703660786;78364823;84220809;89614159;92117758;94370039;910360636
mezcla de la AIF;IDB;Emisiones de CO2 (kt);EN.ATM.CO2E.KT;28198653;29883677;31001992;30979118;29578173;30016848;31958684;321642433;33002915;33908622;355972766;3640063;3582288;3605784;3753863;37505523;38515526;38704012;39283839;37840716;40019495;41102057;39727685;41378891;4252354;4252629;4515392;4714804;4703814;4789446;4653014
Indonesia;IDN;Emisiones de CO2 (kt);EN.ATM.CO2E.KT;1483429;1623145;1714156;1850873;1991758;2236788;2367171;261157;2627051;2794829;2806357;302055;305633;3338781;3412354;3421481;364467;3799566;3761378;3910827;4155366;4758009;4817913;4484002;4846401;4890528;4839787;5153957;5680076;6052906;563197
Sólo AIF;IDX;Emisiones de CO2 (kt);EN.ATM.CO2E.KT;1,41E+11;1,40E+11;1,34E+11;1,29E+11;13204496453;1,41E+11;1,52E+11;15931886377;1,69E+11;1,75E+11;1,79E+11;1,89E+11;1,97E+11;2,08E+11;2,18E+11;2,39E+11;2,51E+11;2,69E+11;2,79E+11;2,86E+11;3,03E+11;3,17E+11;32541995;32671286;3451306786;35838533;39066889;42466119;45079618;46475579;445059236
India;IND;Emisiones de CO2 (kt);EN.ATM.CO2E.KT;5635754;607224;6262933;6513511;685903;7378564;7740702;8192688;8362699;9013252;9378584;9535373;9854533;10117709;10856669;11364664;12152052;13367371;1424383;15648811;1659983;1756744;1909442;19724294;2147107;21580232;21952485;23088044;24581759;24239514;22008363
Irlanda;IRL;Emisiones de CO2 (kt);EN.ATM.CO2E.KT;309615;314667;315054;316536;328187;334482;348212;359725;38419;399733;425335;448153;439298;440868;446876;466505;472633;466048;459113;405833;403477;364881;370095;356882;355565;370872;390098;377291;374736;358122;337422
Irán, República Islámica del;IRN;Emisiones de CO2 (kt);EN.ATM.CO2E.KT;1984717;2191012;2336509;236729;2666971;2715195;2798121;2923986;2909974;3233604;3404562;3540684;3698758;3897771;4176604;4507957;4841791;5141428;5230483;5422971;5411711;5520509;5591221;5837031;6053561;5991827;6072163;6264279;6374337;6252515;6165613
Iraq;IRQ;Emisiones de CO2 (kt);EN.ATM.CO2E.KT;642064;455451;673382;89562;102116;1000688;988808;1189102;917841;727144;876305;975533;911648;812781;881083;851279;829581;766501;881363;942055;1085503;1130398;1290043;1391036;1340459;1331697;1432811;1564564;1681543;1806876;1635115
Islandia;ISL;Emisiones de CO2 (kt);EN.ATM.CO2E.KT;194746;191398;19448;198365;209064;200114;226672;215397;215338;211539;222544;216329;224377;222641;230999;226125;231185;238297;218263;2108;1959124;188835;18599;20318;20475;20575;1633;1671;16993;16382;14466
Israel;ISR;Emisiones de CO2 (kt);EN.ATM.CO2E.KT;338059;345236;368573;405046;433612;467753;487341;509674;515047;529836;569973;579525;610806;629255;631599;610124;64331;665979;66708;657277;705203;698228;760632;670025;647178;663147;65233;659063;614245;627963;584718
Italia;ITA;Emisiones de CO2 (kt);EN.ATM.CO2E.KT;405262;4040741;4022743;3969279;3922855;416415;4121535;4155173;4263722;4330106;4362966;4365714;4434731;4621978;4724048;4738318;4666545;4593711;4449845;3970571;4052723;3966874;3767472;3464583;327498;3378621;3333448;3291933;3248842;317223;2812868
Jamaica;JAM;Emisiones de CO2 (kt);EN.ATM.CO2E.KT;74668;74053;81485;83271;83848;86828;90477;92043;97311;99865;100714;100863;102514;10597;10572;105637;120598;120295;96254;7889;74798;75294;6959;74023;71913;70887;75495;7225;8589;83943;58356
Jordania;JOR;Emisiones de CO2 (kt);EN.ATM.CO2E.KT;9934;97812;119253;122038;129943;136041;138683;143736;14616;146308;162681;162509;168735;173098;185809;19869;20167;210903;20009;20665;201968;207563;241233;238037;255531;253091;24730;260218;24710;231479;209741
Japón;JPN;Emisiones de CO2 (kt);EN.ATM.CO2E.KT;10905081;11039613;11150351;11075868;11607551;11709854;11846466;11726041;11302805;11689547;11844249;11723395;12067602;12139295;12072857;12154744;11930433;12279908;11588361;11023862;11572418;12137756;12543194;12673762;12173066;11783491;11648694;1150835;11111153;10736453;10140647
Kazajstán;KAZ;Emisiones de CO2 (kt);EN.ATM.CO2E.KT;2372509;246366;2538417;2192456;1991701;17523763;15339484;13224074;13583836;122649272;120151999;1174434;13106744;14614222;1580296;1692176;1852993;1983924;242038;2136171;2297022;2454553;244599;2600154;2092613;1910596;2024757;2148977;2168967;2045922;2118967
Kenya;KEN;Emisiones de CO2 (kt);EN.ATM.CO2E.KT;6269;60177;60888;59913;6107;65712;71982;67978;74112;77125;86302;78797;76648;6837;76627;87076;97654;98689;104117;124244;134244;139639;129813;143877;16700;180903;193101;200972;192539;194819;194468
Kirguistán;KGZ;Emisiones de CO2 (kt);EN.ATM.CO2E.KT;227623;204229;137641;100807;65445;45943;57606;56795;60223;47847;46433;39621;49651;55797;55579;5307;53623;64731;74415;67346;63944;76904;10146;9455;98485;102666;96756;9439;113068;100174;90801
Camboya;KHM;Emisiones de CO2 (kt);EN.ATM.CO2E.KT;1260416;1304384;1348352;1384992;1425296;14708;15298;16406;18822;19071;1963;21526;22109;23782;23778;26575;2963;366073;40555;4745;51408;53637;56739;57376;69472;84326;110664;126605;135557;180932;186528
Kiribati;KIR;Emisiones de CO2 (kt);EN.ATM.CO2E.KT;24;247;252;29;273;301;346;329;314;321;355;347;437;465;508;618;683;582;64;586;543;542;577;638;601;607;567;727;732;736;569
Saint Kitts y Nevis;KNA;Emisiones de CO2 (kt);EN.ATM.CO2E.KT;1137;1153;1175;1205;1313;1346;1414;1481;1603;1681;1812;1888;2018;2019;2192;2036;2104;2245;2213;2286;2292;2364;2291;2272;2284;2376;2446;243;2452;2475;231
Corea, República de;KOR;Emisiones de CO2 (kt);EN.ATM.CO2E.KT;2476758;2747927;2970499;3276044;3542771;385406;4099903;4316376;3665672;4018785;4472373;456674;4610001;4639139;4859096;4810021;4878521;5036938;5149245;5266395;5752157;5984808;6003163;5996014;5880886;6078271;6154436;6261784;6301866;6121337;5696818
Kuwait;KWT;Emisiones de CO2 (kt);EN.ATM.CO2E.KT;291284;782339;230458;307426;366716;362487;356286;373065;421336;457416;498382;531887;555936;58121;619178;699107;72438;705995;758471;776542;807256;832911;853161;873638;85576;890217;913762;903783;926521;938636;923089
América Latina y el Caribe (excluido altos ingresos);LAC;Emisiones de CO2 (kt);EN.ATM.CO2E.KT;7,34E+11;7,61E+11;7,73E+11;7,95E+11;8,38E+11;8,50E+11;9,04E+11;9,60E+11;1,00E+12;9,97E+11;103652312;103718096;103655556;105806056;110456066;113754956;117450987;121856818;124852739;120930057;129392557;135245847;140113017;144205897;145934164;146044424;1431232126;141799207;137519637;137683306;124220006
República Democrática Popular Lao;LAO;Emisiones de CO2 (kt);EN.ATM.CO2E.KT;51296;545936;595573028;610267589;638320445;674951962;78146135;826369183;852378127;878107523;90307;99781;110548;115144;121121;125728;16428;17343;20482;25375;28771;3043;32719;41608;43445;88759;157022;190545;196638;191709;191789
Líbano;LBN;Emisiones de CO2 (kt);EN.ATM.CO2E.KT;56221;703989;70214;103263;112744;133049;141236;161275;162554;17035;156728;168909;168362;174149;178793;172789;162337;150396;18646;219027;208643;211751;234701;232445;25151;270168;277551;291709;274013;269165;214749
Liberia;LBR;Emisiones de CO2 (kt);EN.ATM.CO2E.KT;45382;3745198;402374;420769;418824;422237;435902;454743;490455;399774;42581;44827;44376;476087;55867;6678;68715;64107;54016;53384;72976;84818;94415;90521;12051;12478;139789;12684;11266;11462;11795
Libia;LBY;Emisiones de CO2 (kt);EN.ATM.CO2E.KT;286035;288216;263423;305909;386518;434918;454397;422049;419024;432232;447249;444569;455961;489315;48469;530041;529304;493955;532759;56404;595596;415064;583151;597673;592891;513312;486948;520951;541001;546927;44467
Santa Lucía;LCA;Emisiones de CO2 (kt);EN.ATM.CO2E.KT;1928;2008;2272;2521;2783;2929;3131;314;3454;3612;3668;3866;3733;3962;4169;4111;4316;440;4449;4442;5077;5016;507;5064;5059;5012;5055;5309;5279;5346;4992
América Latina y el Caribe;LCN;Emisiones de CO2 (kt);EN.ATM.CO2E.KT;8,90E+11;9,16E+11;9,32E+11;9,58E+11;1,00E+12;1,03E+12;1,09E+12;1,16E+12;1,21E+12;1,20E+12;124486742;124959466;125447376;127503596;133193806;137634866;141826247;146490318;150854409;146864967;157060887;163503492;170770979;175219684;17609800986;175069394;1710227796;168594834;163357034;162069503;143808003
Países menos desarrollados: clasificación de las Naciones Unidas;LDC;Emisiones de CO2 (kt);EN.ATM.CO2E.KT;66386481181;65774496894;66917499751;69719717731;7664422453;86209173729;92262644675;9856622377;1,02E+11;1,08E+11;1,10E+11;1,18E+11;1,24E+11;1,35E+11;1,42E+11;1,49E+11;1,58E+11;1,69E+11;1,79E+11;1,94E+11;2,10E+11;2,24E+11;23451725;25568226;27530709;2866602;31318529;33980649;35929788;37059559;351230476
Países de ingreso bajo;LIC;Emisiones de CO2 (kt);EN.ATM.CO2E.KT;1,81E+11;1,77E+11;1,63E+11;1,55E+11;1,52E+11;1,50E+11;1,44E+11;1,44E+11;1,42E+11;1,50E+11;1,57E+11;1,63E+11;1,61E+11;1,69E+11;1,75E+11;1,93E+11;2,02E+11;1,97E+11;2,11E+11;1,96E+11;1,96E+11;1,82E+11;17027361;15515411;16050478;14465301;14921028;17901785;18312034;19119528;179664936
Liechtenstein;LIE;Emisiones de CO2 (kt);EN.ATM.CO2E.KT;198970856;206329151;206950491;21503442;20111109;204201614;205960367;218376491;229238713;226566397;216859998;21467105;220018273;229354516;22939083;228986322;2311208;200793925;219535867;205374673;190830439;176781993;185325447;192544887;16125917;159773794;149838256;155769397;142950403;149025716;141996093
Sri Lanka;LKA;Emisiones de CO2 (kt);EN.ATM.CO2E.KT;38392;39854;52483;50913;57668;58164;83553;83405;86084;94963;109289;10848;113852;124123;128682;139844;124049;135916;128107;122914;130718;154102;174404;144484;174583;192409;231676;231405;216903;234279;218463
Países de ingreso mediano bajo;LMC;Emisiones de CO2 (kt);EN.ATM.CO2E.KT;2103131876;215497212;2,13E+12;2,09E+12;2,07E+12;2,14E+12;2,18E+11;2,25E+12;2,27E+12;2,39E+12;2459953196;252589395;259770672;269549433;283047042;294373208;309323866;329800076;342692247;356262533;374466033;391644971;411616579;424407139;448310891;451556719;466483881;485663384;510546774;512275731;48195958
Ingreso mediano y bajo;LMY;Emisiones de CO2 (kt);EN.ATM.CO2E.KT;8,81E+12;8,96E+12;8,95E+12;9,00E+11;8,94E+12;9,35E+12;9,42E+12;9,56E+12;9,69E+11;9,73E+12;1,01E+13;1,05E+13;1,09E+13;1,17E+13;1,27E+12;1,36E+13;1,46E+13;1,55E+13;1,60E+13;1,64E+13;1,76E+13;1,88E+13;19332864235;19895263019;20194597152;20008374912;20146301188;20716381032;2,16E+11;2186047261;21383256243
Lesotho;LSO;Emisiones de CO2 (kt);EN.ATM.CO2E.KT;13955;14477;1503;15442;15841;16147;16441;16747;17056;1725;17475;17708;18008;18251;18719;19015;1923;19593;20074;21017;21588;28852;29196;22065;2349;21442;21262;24023;22766;23001;23119
avanzada del dividendo demográfico;LTE;Emisiones de CO2 (kt);EN.ATM.CO2E.KT;6,24E+12;6,31E+12;6,29E+12;6,32E+12;6,23E+12;6,54E+11;6,55E+12;6,52E+12;6,59E+12;6,53E+12;6,79E+12;7,04E+11;7,34E+12;8,09E+12;8,87E+12;96632466;1040390925;1104215487;1137827063;1166092699;12652493224;1361908375;139345303;1441224633;1,44E+11;1426364003;142699824;145775718;151621154;154680443;1548834762
Lituania;LTU;Emisiones de CO2 (kt);EN.ATM.CO2E.KT;322179;34291;19998;157541;148192;137458;142398;139241;147066;122472;105159;111555;112232;112327;11915;128292;130197;132096;130664;116921;12603;118456;119258;113311;108629;110674;112031;112222;116525;117358;116938
Luxemburgo;LUX;Emisiones de CO2 (kt);EN.ATM.CO2E.KT;11285;117534;114355;116453;108106;86599;87368;82422;75655;79203;85567;91185;98183;102416;116598;119129;117172;111144;110225;104429;110291;109068;10698;101733;96432;91334;88459;90065;93208;95003;78531
Letonia;LVA;Emisiones de CO2 (kt);EN.ATM.CO2E.KT;187774;172015;139748;1175731;102235;899682;90094;85286;81325;75489;692957;73572;73522;75932;76165;7715;81999;85318;81059;73641;85181;78973;75707;74524;72823;73159;71453;71167;77852;75691;69283
Marruecos;MAR;Emisiones de CO2 (kt);EN.ATM.CO2E.KT;214978;23119;24879;25577;277125;287918;284847;299038;306346;321987;328765;36273;37470;372511;41009;435799;44991;46341;486302;487657;517495;559235;58076;575955;586917;603625;602899;630149;642861;709863;667195
República de Moldova;MDA;Emisiones de CO2 (kt);EN.ATM.CO2E.KT;305321;245995;203222;174141;141382;121415;104027;95804;86491;73524;67096;70178;71824;77654;77759;81756;79751;81392;8150;76381;82951;83445;81373;71815;77122;80206;8143;8064;85559;89216;86112
Madagascar;MDG;Emisiones de CO2 (kt);EN.ATM.CO2E.KT;89113;95269;96466;99672;121312;13718;13083;141942;162694;166963;165402;166904;112193;15534;164554;170964;163709;17231;178034;168622;18698;219389;274174;293023;301062;328462;318172;3481;330487;39277;274545
Maldivas;MDV;Emisiones de CO2 (kt);EN.ATM.CO2E.KT;1567;1596;2251;2026;2046;2614;2816;3383;311;4299;4622;4813;6144;5285;6931;6269;7905;8106;8706;9166;963;10128;11446;11285;13552;13393;14659;15461;17761;19995;1454
Oriente Medio y Norte de África;MEA;Emisiones de CO2 (kt);EN.ATM.CO2E.KT;86005696;88406401;95546475;101701572;109242193;112466868;116371078;121867728;122311292;126826668;13261703;139196522;144264938;149531841;15789439;16838952;17810795;18631686;19757466;20398485;21286545;21729506;22931001;234110189;241900247;245324385;247642997;25111654;25004174;250861457;24160649
México;MEX;Emisiones de CO2 (kt);EN.ATM.CO2E.KT;2695754;2879958;2916825;3006675;3265048;3068421;3226991;3424784;3651424;3551783;379176;3788306;3860046;4046922;414102;4321874;4483028;457121;4595481;4483725;4628695;4784035;4864542;4757375;4622401;4716326;4763946;4744985;4448984;4518288;3831314
Islas Marshall;MHL;Emisiones de CO2 (kt);EN.ATM.CO2E.KT;0;0;802;85;886;927;935;933;955;955;1028;1064;1161;114;1193;1189;125;1322;1333;1373;1408;1411;139;1423;1441;1463;1465;1493;1511;1523;110
 Ingreso mediano;MIC;Emisiones de CO2 (kt);EN.ATM.CO2E.KT;8,63E+12;8,78E+12;8,79E+11;8,85E+12;8,78E+12;9,20E+12;9,28E+14;9,42E+12;9,55E+12;9,58E+12;9,98E+12;1,03E+12;1,07E+13;1,16E+13;1,25E+13;1345366444;1437666163;1527760585;1574202663;1616581876;1739487189;18600068917;19162590625;19740108909;20034092372;19863721902;19997090908;20537363182;2,14E+11;2166927733;21203591307
Macedonia del Norte;MKD;Emisiones de CO2 (kt);EN.ATM.CO2E.KT;85913;83837;83324;86397;83508;83057;98625;87861;96514;88795;85221;86706;81285;88291;85426;88818;88529;93281;9120;85123;83296;91571;87989;78622;74429;71421;69627;74362;69506;79561;67967
Malí;MLI;Emisiones de CO2 (kt);EN.ATM.CO2E.KT;436011;441298;477186;516773;566421;611996;667281;74499;956;999;10938;11969;12435;12793;14512;15008;15817;18374;20166;19439;2154;23467;25107;28136;31744;33438;34086;36298;38679;39374;41507
Malta;MLT;Emisiones de CO2 (kt);EN.ATM.CO2E.KT;23146;22106;21691;28063;2507;23788;23243;24696;23745;24092;21292;24891;23184;2608;2598;26264;26506;27156;27243;25099;25866;25731;27156;23715;23563;16571;13523;15212;15525;16586;16107
Myanmar;MMR;Emisiones de CO2 (kt);EN.ATM.CO2E.KT;4083;40152;42782;48136;56474;69366;73096;72479;7913;8741;94405;83518;83412;104866;102682;108563;100579;105055;79436;73711;81313;86929;11964;135925;170348;19034;218608;32497;327845;33995;338746
Oriente Medio y Norte de África (excluido altos ingresos);MNA;Emisiones de CO2 (kt);EN.ATM.CO2E.KT;5329942;54896499;589786;6312329;6846844;7078147;7263631;7665878;7482409;7754996;813164;853985;8725696;8986263;9551126;10283542;10790501;11215168;11653535;12077878;12319475;12387091;12976965;132778049;136035517;134981545;136727487;14220545;14496935;143968167;1370939
Montenegro;MNE;Emisiones de CO2 (kt);EN.ATM.CO2E.KT;1915340257;1355040692;1483273865;1293619997;1256652545;132733624;1552994239;1669796938;1757579585;1211858108;1520843393;166726822;1766249476;1889193348;2041277687;20048;21793;20984;26933;17475;25842;25359;23316;22673;22184;23591;21507;2267;25003;26011;25272
Mongolia;MNG;Emisiones de CO2 (kt);EN.ATM.CO2E.KT;129681;1475807;1285842;1185258;1032384;1027547;869027;851894;85487;860658;899667;89704;960446;931216;956128;1105815;124192;130215;129744;1363849;143111;157294;171415;1838413;18122;173006;181728;195755;215457;231469;211847
Mozambique;MOZ;Emisiones de CO2 (kt);EN.ATM.CO2E.KT;111723;93609;109738;1288573;109688;117264;116172;128766;124168;123376;14269;14115;15709;19046;1910;17091;1861;22307;22387;24943;26806;32943;36408;41505;48233;54783;72438;71623;68751;75302;69455
Mauritania;MRT;Emisiones de CO2 (kt);EN.ATM.CO2E.KT;8418;863;8967;9148;9485;1001;10621;10509;9883;11092;11187;11788;12697;13036;14135;1448;14594;17169;17971;19947;20737;21829;23554;21012;25345;29665;25842;34083;37161;38248;38471
Mauricio;MUS;Emisiones de CO2 (kt);EN.ATM.CO2E.KT;11641;12516;13233;14691;15142;15515;16141;16242;17916;21984;24319;25656;26126;27486;27703;29618;33042;33952;34668;34233;36618;3639;3725;3818;39494;39609;40355;41744;41339;41737;37202
Malawi;MWI;Emisiones de CO2 (kt);EN.ATM.CO2E.KT;72247;79202;79269;8855;90753;90927;92659;92239;89645;93268;87523;84728;85992;89344;89857;854327;861944;92719;1009897;103669;98446;107259;107642;115433;10456;108952;122357;13946;16094;16437;1640
Malasia;MYS;Emisiones de CO2 (kt);EN.ATM.CO2E.KT;54615;650962;671747;730444;797393;86310;986447;1060152;1056852;1144547;1243559;1294587;1363779;144010;157850;1669734;1736329;1894648;2024586;1814727;199867;2024013;2054158;2230865;2362646;2362294;2316694;2251041;2414514;244882;2451393
América del Norte;NAC;Emisiones de CO2 (kt);EN.ATM.CO2E.KT;52640096;52207951;53059934;54172573;55035676;55650829;5735187;60201653;60753281;61032958;62900223;62548777;61173778;62035338;62747033;63025259;61936066;63079513;61089321;56778243;59292009;57229611;55023446;56478396;56689691;55494509;54513733;5387541;55548743;53837122;48374062
Namibia;NAM;Emisiones de CO2 (kt);EN.ATM.CO2E.KT;;11179;12181;14146;16362;17734;19237;19735;20176;1979;19423;24597;21316;22688;23767;25255;24913;25469;29299;30001;31035;33038;35074;37624;39321;41373;4152;4224;42793;43163;39528
Níger;NER;Emisiones de CO2 (kt);EN.ATM.CO2E.KT;565434;536726;499783;570307;546696;524941;610172;61371;66673;65253;660227;65887;6856;7499;776855;742119;737518;813516;85411;107527;1361057;139944;188557;197501;215678;211159;209626;1901;195629;215915;219795
Nigeria;NGA;Emisiones de CO2 (kt);EN.ATM.CO2E.KT;727688;819261;918064;862373;783258;861645;1002272;986469;886998;87017;972151;1019453;922376;1009949;987249;98719;887677;811226;86932;769474;900552;949965;953353;1081168;1148155;1077464;1108175;1084812;1136331;1195441;1119781
Nicaragua;NIC;Emisiones de CO2 (kt);EN.ATM.CO2E.KT;19339;19191;22354;21987;25254;26527;28166;30201;35192;35416;3768;39255;40629;45627;45319;43387;45476;46963;4503;43945;45132;47662;4686;44733;47586;52867;54107;54289;50248;51319;45822
Países Bajos;NLD;Emisiones de CO2 (kt);EN.ATM.CO2E.KT;1515207;1572668;1560097;1601372;1596041;1641064;1736234;1663109;1667344;1614461;1620967;1671161;1674294;1703628;1721165;167926;1637027;1645506;1652219;1604883;1711105;158768;1574734;1570902;1497934;157376;1584993;1557109;1513823;145939237;1303151
Noruega;NOR;Emisiones de CO2 (kt);EN.ATM.CO2E.KT;293054;273253;301979;324286;344124;343892;345971;365435;378875;397024;342831;347352;34381;371868;373548;363664;372106;377601;368728;374393;401164;390713;387701;39627;39643;402888;395784;391749;385715;376616;361774
Nepal;NPL;Emisiones de CO2 (kt);EN.ATM.CO2E.KT;9388;118225;123416;14098;17445;18957;19591;219137;23157;31237;3221;34646;27867;30218;28096;31886;26161;26936;29949;38828;46409;51992;59978;60878;71322;71862;107357;132653;151394;138605;149492
Nauru;NRU;Emisiones de CO2 (kt);EN.ATM.CO2E.KT;1263;1266;1206;1145;1114;1084;1021;1024;995;934;88;806;78;687;64;625;441;415;423;404;427;401;421;473;506;545;527;56;54;534;414
Nueva Zelandia;NZL;Emisiones de CO2 (kt);EN.ATM.CO2E.KT;223107;226297;24380;239603;242259;243258;254128;27689;271808;286129;29455;316188;315431;333976;328361;342322;342659;332705;341654;311697;310493;302906;321074;318855;319707;322812;311857;329274;32409;340082;313597
Miembros OCDE;OED;Emisiones de CO2 (kt);EN.ATM.CO2E.KT;1134405836;1138910528;114227178;1151191366;1170701004;1185999186;1223485402;1250254297;1250522118;1255974509;1287295041;1288739869;1279396387;1301902751;1314727619;1319140765;1312362965;1328968297;1295304413;121958135;12694352824;1246675155;122911737;123511978;121167862;120527154;119855586;119582696;119841501;11605058237;1057077572
Omán;OMN;Emisiones de CO2 (kt);EN.ATM.CO2E.KT;119193;157209;149222;151757;161957;188704;193829;20024;195192;219791;25115;280323;299721;317005;312569;310141;391871;422623;413144;435951;470763;536202;605494;630154;663867;701317;721976;716332;75365;757448;710415
Otros Estados pequeos;OSS;Emisiones de CO2 (kt);EN.ATM.CO2E.KT;83923170257;84903210692;79892513865;79441779997;83183132545;8286432624;87878614239;94349146938;96827989585;99739648108;98878823393;10171443822;1,06E+11;1,13E+11;1,18E+11;12337237;13253665;14352159;14814232;14454559;156681794;165799027;171440705;177358399;185899332;184664262;188833482;191127612;1909054875;18905937;181678207
Pakistán;PAK;Emisiones de CO2 (kt);EN.ATM.CO2E.KT;59026;603058;669778;737496;762536;827372;858211;893625;901903;987733;983741;998372;1023256;1056635;1183136;1216087;1323042;1458133;1407342;1453379;1403786;141690;1438191;1459937;1542352;1641523;1811133;1987388;1868656;1840963;1841112
Panamá;PAN;Emisiones de CO2 (kt);EN.ATM.CO2E.KT;26929;31247;36354;37952;40369;43555;44063;46375;57216;50129;52827;62165;5410;55253;56095;71164;74903;74843;72975;86985;91906;99941;104616;102523;107581;106099;106524;101364;99188;130999;95827
Perú;PER;Emisiones de CO2 (kt);EN.ATM.CO2E.KT;208753;202666;210338;218013;225381;256499;280622;279589;269703;290724;286342;265372;27731;271577;312371;312918;308437;338084;382926;411706;449985;484274;481206;497519;531678;545535;568603;542743;545899;569722;465789
Filipinas;PHL;Emisiones de CO2 (kt);EN.ATM.CO2E.KT;408689;404422;438037;475779;51270;614148;668998;744478;738702;716212;719428;702591;712572;731419;747183;761902;693055;732505;750394;763219;819178;825445;86165;955041;1018225;1109909;1208951;1334567;1391191;1458713;1334713
Palau;PLW;Emisiones de CO2 (kt);EN.ATM.CO2E.KT;0;0;1975;1981;1986;1977;1989;2018;2033;204;2115;2158;2171;2156;2178;2267;2287;2234;2129;2046;2148;2126;222;2211;2178;2009;2079;213;2119;2174;1582
Papua Nueva Guinea;PNG;Emisiones de CO2 (kt);EN.ATM.CO2E.KT;21686;21764;21796;22125;20561;21321;22324;24018;26532;26033;28252;33838;36071;40708;46112;43239;43454;47372;47602;5050;5042;51795;49057;52245;58369;63697;65609;65043;7114;74675;54915
Polonia;POL;Emisiones de CO2 (kt);EN.ATM.CO2E.KT;3502146;3516249;3433684;3440164;3397522;3400038;3553202;344627;3184141;3089781;2957744;2936274;2873203;2977308;301854;301353;314093;3133754;3083253;2972603;3137391;3105936;3033514;2983044;285730;2890774;2998024;3127699;3117549;2949483;2792238
previa al dividendo demográfico;PRE;Emisiones de CO2 (kt);EN.ATM.CO2E.KT;1,88E+11;1,80E+11;2,12E+11;2,29E+11;2,36E+11;2,46E+11;2,66E+11;2,88E+11;2,53E+11;2,38E+11;2,62E+11;2,78E+11;2,64E+11;2,66E+11;2,79E+11;2,80E+11;2,75E+11;2,67E+11;2,92E+11;2,99E+11;3,37E+11;3,55E+11;37439053;40644033;41948076;42334777;44195988;45535045;47674354;50646328;469494036
Corea, República Popular Democrática de;PRK;Emisiones de CO2 (kt);EN.ATM.CO2E.KT;1193075;1129362;997121;914193;836126;782423;686605;660379;609186;666154;718229;743851;71198;727382;743237;776782;789371;656338;728315;552569;516898;370989;384834;276291;312233;251015;281277;54286;501213;555484;524372
Portugal;PRT;Emisiones de CO2 (kt);EN.ATM.CO2E.KT;410686;427677;46774;457928;473029;506932;487425;509316;556006;622076;616612;613836;656049;605236;621288;654738;60448;587976;568444;562996;509373;498679;482203;465552;459311;498519;486952;532727;494612;445647;389735
Paraguay;PRY;Emisiones de CO2 (kt);EN.ATM.CO2E.KT;20722;20203;24746;28176;33351;37812;3723;41072;42669;42663;35243;36148;37754;39376;39737;36985;39546;37205;43232;45679;50433;5218;51774;53012;5628;63675;71926;79209;83601;81016;75757
Estados pequeos de las Islas del Pacfico;PSS;Emisiones de CO2 (kt);EN.ATM.CO2E.KT;126258;129415;174105;176879;178603;185357;19398;195111;196515;199472;204578;22577;21117;23069;25701;23243;24755;24577;21636;21459;24737;24268;2380;25009;2656;26594;2637;28006;28953;29592;2178
posterior al dividendo demográfico;PST;Emisiones de CO2 (kt);EN.ATM.CO2E.KT;1130194262;1126185873;1120203502;1119040483;1125528355;1138586127;116549271;1187887662;118620486;119325348;122054015;122425791;121387473;123480572;124332832;124345436;123217776;124515517;121085701;113257858;117941179;1154769505;1134191952;1141136777;1115517257;1101465547;1090746337;1081108327;1088223797;10513545907;955583037
Qatar;QAT;Emisiones de CO2 (kt);EN.ATM.CO2E.KT;125434;14985;146776;166146;18491;190477;209421;253926;265027;290024;286662;286506;324961;347442;370744;385366;439405;500265;532793;543102;609121;685215;754301;765407;821678;852113;870667;874721;870994;894868;875783
Rumania;ROU;Emisiones de CO2 (kt);EN.ATM.CO2E.KT;1726336;1427552;1261857;1176908;1151483;1208699;1242009;1135992;995135;849694;890031;952208;93733;981382;953363;946829;992543;967286;954091;806992;776019;840495;818438;720906;71539;733144;715852;742081;751902;739428;68664
Federación de Rusia;RUS;Emisiones de CO2 (kt);EN.ATM.CO2E.KT;21635331;21364443;20308107;18802445;16850463;16354848;16011765;14895065;1487965;15237213;15638456;1567172;15653344;16099967;16009785;16119821;1654851;16581486;16551911;15466664;16178275;16990832;16757559;16326797;16119607;15925594;15715173;15945503;1661000;17035887;1618271
Rwanda;RWA;Emisiones de CO2 (kt);EN.ATM.CO2E.KT;53636;48145;48355;48605;461723;454989;46463;48123;48002;49489;66052;67405;79579;68491;66234;7169;7203;65334;65334;67088;70368;73607;81413;90369;92392;108044;1148;12555;14034;14511;1382
Asia meridional;SAS;Emisiones de CO2 (kt);EN.ATM.CO2E.KT;64129209;68581198;71353272;74607774;78511544;8468253;88901646;94019764;95864022;103475443;107299826;1095270848;113166395;1164057737;1252484717;1310942931;140190488;154088502;162817246;17790156;187859423;198707219;214787113;221336355;240389474;243419849;250338323;264448538;279201858;275265243;251843477
Arabia Saudita;SAU;Emisiones de CO2 (kt);EN.ATM.CO2E.KT;1714033;1879249;2020317;2032526;2063594;2048305;2176524;2200727;2338988;2395205;2496548;2540842;2722512;2848283;2998894;3152932;3354343;3546174;3897134;4065267;4461315;4637637;4924671;5032137;5405202;5651901;5612297;5497499;5275657;5267703;5135558
Sudán;SDN;Emisiones de CO2 (kt);EN.ATM.CO2E.KT;536569;480348;45307;32108;469641;45079;43071;52481;476734;530512;569074;625493;77139;79319;88278;10496;1290025;139699;1495956;154903;164274;159366;158063;158532;166585;192592;215031;215795;216703;221315;207961
Senegal;SEN;Emisiones de CO2 (kt);EN.ATM.CO2E.KT;23263;23347;25683;25056;26062;27612;29273;3215;35974;39607;40637;44554;45796;44864;53902;56662;55694;62021;64361;66662;70262;75714;74546;8013;8572;92855;101328;98008;101766;122978;106802
Singapur;SGP;Emisiones de CO2 (kt);EN.ATM.CO2E.KT;28970;304749;314109;361642;379788;375819;385201;381616;370471;378021;421175;420313;412908;381577;396188;369014;371716;38286;384236;388318;424136;447669;436923;439123;443985;454319;449698;473242;452121;451632;43705
Islas Salomón;SLB;Emisiones de CO2 (kt);EN.ATM.CO2E.KT;1529;160;1683;1773;190;1969;206;2134;2205;2281;2354;2458;2576;2689;2863;2947;304;3137;3232;3335;3428;3559;3556;389;3407;3041;2981;295;3009;3048;2233
Sierra Leona;SLE;Emisiones de CO2 (kt);EN.ATM.CO2E.KT;318;3423;3255;3275;3505;2362;3107;2292;2477;1972;3333;4425;4976;5504;5326;4465;5906;5032;5194;5178;5602;7349;8547;10308;11376;10845;11708;1120;10437;10388;1048
El Salvador;SLV;Emisiones de CO2 (kt);EN.ATM.CO2E.KT;23833;30663;33539;39233;44593;49614;43899;53192;56662;5606;56316;58686;59353;65102;66768;68363;7235;7629;69098;66768;65392;67787;67716;64558;65922;69976;71251;63449;68449;79127;63763
Somalia;SOM;Emisiones de CO2 (kt);EN.ATM.CO2E.KT;73512;707099;68423;64312;6331;59829;5752;5467;5183;4986;4866;5095;571;5775;5775;5806;5816;6236;6187;6144;6312;6325;6257;6494;6459;6462;6544;6549;6561;6557;6604
Serbia;SRB;Emisiones de CO2 (kt);EN.ATM.CO2E.KT;619065;522024;488582;431906;396182;453158;526661;572564;572837;407737;439854;462118;497922;53204;575023;506851;53009;514636;498259;468748;471039;512302;457902;464725;389807;454101;46635;473426;461924;460301;463243
África al sur del Sahara (excluido altos ingresos);SSA;Emisiones de CO2 (kt);EN.ATM.CO2E.KT;4,02E+11;4,11E+11;4,18E+11;4,20E+11;4,21E+11;4,46E+11;4,76E+11;4,92E+11;4,97E+11;4,85E+11;4,98E+11;5,43E+11;5,45E+11;5,76E+11;6,09E+11;6,13E+11;6,12E+11;6,28E+11;6,69E+11;6,46E+11;6,92E+11;6,90E+11;716702835;754621979;787567902;770129832;781052862;790885682;8087375475;83311855;760269413
Sudán del Sur;SSD;Emisiones de CO2 (kt);EN.ATM.CO2E.KT;433885181;406424094;363401723;250506142;344484085;356078767;367368325;449751587;389947441;422900746;459820652;529083617;674322257;753349164;951984363;912013225;998668212;1173198679;1239105288;1290671108;1313250224;1281212289;14186;14531;15196;19694;17302;15121;17689;18246;17427
África al sur del Sahara;SSF;Emisiones de CO2 (kt);EN.ATM.CO2E.KT;4,02E+11;4,11E+11;4,18E+11;4,20E+11;4,21E+11;4,46E+11;4,77E+11;4,93E+11;4,97E+11;4,85E+11;4,99E+11;5,43E+11;5,45E+11;5,77E+11;6,09E+11;6,13E+11;6,12E+11;6,29E+11;6,70E+11;6,47E+11;6,92E+11;6,91E+11;717126535;755034179;788024602;770629632;781618462;791456382;8093398475;83371385;760868113
Pequeños Estados;SST;Emisiones de CO2 (kt);EN.ATM.CO2E.KT;1,13E+11;1,14E+11;1,10E+11;1,07E+11;1,10E+11;1,10E+11;1,16E+11;1,23E+11;1,27E+11;1,31E+11;1,29E+11;13400609822;1,39E+11;1,50E+11;1,56E+11;16232373;17536292;18704587;18880441;18266566;197456964;207886607;212938955;220336879;2286407906;226608062;228693538;230241512;2316022875;22963356;216633197
Santo Tomé y Príncipe;STP;Emisiones de CO2 (kt);EN.ATM.CO2E.KT;465;465;443;449;466;475;475;475;51;51;535;535;583;659;745;80;817;818;885;938;1028;1005;1187;1213;1192;1236;1287;1344;1375;1402;1411
Suriname;SUR;Emisiones de CO2 (kt);EN.ATM.CO2E.KT;1759988097;2045742072;2053032047;2060322022;2069302797;2087581167;2109523537;2131465907;2131424277;2149692647;148042;152056;111566;123396;139296;168726;152927;141128;145549;144677;174487;195273;244163;228981;2620;27241;2954886;244433;214653;265682;260132
República Eslovaca;SVK;Emisiones de CO2 (kt);EN.ATM.CO2E.KT;548118;479382;460962;443199;41702;423706;421741;422735;414035;406601;380722;38577;380654;383312;374305;385183;378733;371903;370972;339089;354322;341169;323471;329204;304381;307537;314978;335765;330051;310325;290358
Eslovenia;SVN;Emisiones de CO2 (kt);EN.ATM.CO2E.KT;135288;127374;128254;135562;13606;14470;15290;157256;155031;14910;145417;153801;155246;15413;156996;159165;162937;162834;173601;155092;157772;157008;151236;145481;131127;131397;13903;141237;140729;13665;124773
Suecia;SWE;Emisiones de CO2 (kt);EN.ATM.CO2E.KT;533462;542363;567459;565049;584888;582309;636474;573816;583634;572649;532775;524973;540237;552027;535933;500826;487349;470543;460233;427607;479855;44452;419966;403881;38993;391201;386912;381682;359159;349646;335761
Eswatini;SWZ;Emisiones de CO2 (kt);EN.ATM.CO2E.KT;11012;10863;9092;8169;14549;1413;1131;11499;1172;12577;10906;11058;10748;9965;9856;9825;9909;10246;10056;10423;8492;8149;8063;957;9774;10159;1116;11058;11058;11695;11477
Seychelles;SYC;Emisiones de CO2 (kt);EN.ATM.CO2E.KT;1532;1752;1762;1883;2074;2039;2387;2779;2942;3083;2937;3237;3523;3424;3832;3819;389;4045;4176;4483;4437;4082;4237;4122;4567;4998;5656;5707;6023;5953;5987
República Árabe Siria;SYR;Emisiones de CO2 (kt);EN.ATM.CO2E.KT;323881;35766;351515;358824;374418;389787;420229;420727;446308;438722;444011;447289;442673;443787;463643;572203;602139;636045;652759;606967;610907;575625;450392;306966;266039;252607;244791;257944;283031;268404;252346
Chad;TCD;Emisiones de CO2 (kt);EN.ATM.CO2E.KT;3889;3973;4085;4099;425;4366;4491;4647;4744;4902;5074;5217;5324;7649;7731;7966;8152;8765;10277;11142;1190;10036649;123373;148726;14831;147855;146987;14882;15574;15836;15684
Asia oriental y el Pacífico (BIRF y la AIF);TEA;Emisiones de CO2 (kt);EN.ATM.CO2E.KT;2546780356;271033224;2,85E+12;3,12E+12;3,28E+12;3,67E+12;3,71E+11;3,82E+12;3,91E+12;3,86E+12;406978352;429246721;459364444;52718955;601629429;675706033;73985279;800920213;82388749;876081219;9602646;104789299;10771358;1122506203;113412376;112290303;11263921;115538984;121645321;124805017;126083024
Europa y Asia central (BIRF y la AIF);TEC;Emisiones de CO2 (kt);EN.ATM.CO2E.KT;4,38E+12;4,24E+12;3,99E+12;3,68E+12;3,31E+12;3,22E+11;3,15E+12;2,99E+12;2,95E+12;2,92E+12;2,98E+12;2,97E+11;3,00E+12;3,13E+12;3,13E+12;31399158;32689272;33239906;335573926;310197835;32514191;34110048;33622625;32921998;31845328;31187037;31596265;32372209;33169195;33076046;31942295
Togo;TGO;Emisiones de CO2 (kt);EN.ATM.CO2E.KT;9776;9255;746;6331;9069;9774;13566;7637;11996;17082;1269;11781;13442;18338;17782;17481;15696;15037;15688;28247;26301;25156;22358;1749;15885;18256;23056;20187;21899;24423;24151
Tailandia;THA;Emisiones de CO2 (kt);EN.ATM.CO2E.KT;880058;964034;1069172;1233717;137725;1562933;175594;1815028;1604089;169086;1689414;1787766;1905739;1956755;2134399;2220968;2246937;2319017;2338937;2248501;2407683;2389685;256286;264681;261377;2688533;2679163;2671371;2644836;2744667;2654789
Tayikistán;TJK;Emisiones de CO2 (kt);EN.ATM.CO2E.KT;110182;101717;76862;51673;303537;250862;22402;251344;2765715;254459;220097;215005;213381;21751;259702;24712;26865;32678;304106;240515;24469;25642;30152;31951;45836;49048;54967;67577;80973;89657;93288
Turkmenistán;TKM;Emisiones de CO2 (kt);EN.ATM.CO2E.KT;446463;377885;280993;26972;33545;339898;306089;305025;318386;37688;385075;39123;414107;463502;493652;505925;519165;584823;592797;523868;591751;650767;667585;637915;62189;637776;640795;638716;633176;632318;63655
América Latina y el Caribe (BIRF y la AIF);TLA;Emisiones de CO2 (kt);EN.ATM.CO2E.KT;8,52E+11;8,86E+11;9,08E+11;9,35E+11;9,77E+11;1,00E+12;1,07E+12;1,13E+12;1,18E+12;1,17E+12;121321092;121887826;122477516;124604146;130319836;134674906;138822807;143392698;147819679;143806187;153903797;160374937;167515697;171908227;17305020286;171800717;1679719926;165635687;160283017;159248656;141020016
Timor-Leste;TLS;Emisiones de CO2 (kt);EN.ATM.CO2E.KT;0;0;0;0;0;0;0;0;0;0;0;0;1687;1676;1825;1807;185;1914;2101;2354;2441;2524;3004;3644;4498;4372;5189;5618;5101;6176;4461
Oriente Medio y Norte de África (BIRF y la AIF);TMN;Emisiones de CO2 (kt);EN.ATM.CO2E.KT;5329942;54896499;589786;6312329;6846844;7078147;7263631;7665878;7482409;7754996;813164;853985;8725696;8986263;9551126;10283542;10790501;11215168;11653535;12077878;12319475;12387091;12976965;132778049;136035517;134981545;136727487;14220545;14496935;143968167;1370939
Tonga;TON;Emisiones de CO2 (kt);EN.ATM.CO2E.KT;841;904;769;863;923;99;81;942;949;1139;1029;947;1017;1235;1174;1172;1349;1198;1273;1381;1177;1074;1093;1147;1134;1099;1239;1329;1342;1615;1181
Asia meridional (BIRF y la AIF);TSA;Emisiones de CO2 (kt);EN.ATM.CO2E.KT;64129209;68581198;71353272;74607774;78511544;8468253;88901646;94019764;95864022;103475443;107299826;1095270848;113166395;1164057737;1252484717;1310942931;140190488;154088502;162817246;17790156;187859423;198707219;214787113;221336355;240389474;243419849;250338323;264448538;279201858;275265243;251843477
África al sur del Sahara (BIRF y la AIF);TSS;Emisiones de CO2 (kt);EN.ATM.CO2E.KT;4,02E+11;4,11E+11;4,18E+11;4,20E+11;4,21E+11;4,46E+11;4,77E+11;4,93E+11;4,97E+11;4,85E+11;4,99E+11;5,43E+11;5,45E+11;5,77E+11;6,09E+11;6,13E+11;6,12E+11;6,29E+11;6,70E+11;6,47E+11;6,92E+11;6,91E+11;717126535;755034179;788024602;770629632;781618462;791456382;8093398475;83371385;760868113
Trinidad y Tobago;TTO;Emisiones de CO2 (kt);EN.ATM.CO2E.KT;131524;130451;131452;107224;87925;86186;91948;96905;99239;98998;102045;116196;126747;154469;16096;17580;200546;204858;200121;190302;21443;22243;214972;221863;220142;213106;182916;182247;177637;171953;15420
Túnez;TUN;Emisiones de CO2 (kt);EN.ATM.CO2E.KT;146719;152063;162947;166224;166544;170451;17572;181332;189395;19972;210688;21971;221471;219617;230202;235386;244721;253667;259607;259842;283215;267174;291062;286019;30976;316274;303178;307426;310231;31045;29293
Turquía;TUR;Emisiones de CO2 (kt);EN.ATM.CO2E.KT;1391979;1437961;1497972;1555795;1538231;1681505;1853377;1934284;1936876;1926514;2163965;1977711;2081076;2191586;2246012;235003;2610836;2889678;287205;2883072;297814;3186412;3297978;3190886;3416715;3534138;376399;4180982;4141119;3987729;4074062
Tuvalu;TUV;Emisiones de CO2 (kt);EN.ATM.CO2E.KT;64;67;73;76;83;89;69;78;109;76;79;99;91;85;85;85;11;132;95;106;96;102;98;87;85;77;75;77;88;89;66
Tanzanía;TZA;Emisiones de CO2 (kt);EN.ATM.CO2E.KT;18922;18657;18595;19159;1910;27348;30705;28873;26926;25166;29464;31283;35658;37695;50817;5660;59917;59065;6073;59286;69099;80197;95879;10698;10108;107659;106469;116593;120189;149608;144355
Uganda;UGA;Emisiones de CO2 (kt);EN.ATM.CO2E.KT;785735;80639;81506;81392;72572;9525;104841;111009;126327;12906;12976;13039;14862;15672;16296;2024;23995;28682;29718;33573;3332;37442;37771;36943;41122;47121;49463;5172;58666;5943;56746
Ucrania;UKR;Emisiones de CO2 (kt);EN.ATM.CO2E.KT;6886189;651932;5746426;4993149;4156699;3992501;3461113;3282448;309288;3057251;2973768;3005529;3039408;3302285;3071356;2954052;3039894;3121415;3011953;2516166;2689246;2833424;2771102;2702687;2377287;1910678;2016554;1749383;1856238;1745999;1656636
Ingreso mediano alto;UMC;Emisiones de CO2 (kt);EN.ATM.CO2E.KT;6,53E+12;6,63E+12;6,66E+12;6,75E+12;6,72E+12;7,05E+12;7,10E+12;7,17E+12;7,28E+12;7,19E+12;7,52E+12;7,77E+11;8,09E+12;8,89E+12;9,71E+12;1050993236;1128342297;1197960509;1231510416;1260319343;1365021156;14683619207;15046424835;15496037519;15550983462;15348154712;15332252098;15680729342;1,63E+11;1654652002;16383995507
Uruguay;URY;Emisiones de CO2 (kt);EN.ATM.CO2E.KT;38487;43717;47686;44901;42662;46879;54505;55584;57774;67832;54585;49463;45306;44861;54599;54158;63321;58547;77501;76659;62838;76059;85177;73576;65004;66572;65251;61038;65457;68067;65143
Estados Unidos;USA;Emisiones de CO2 (kt);EN.ATM.CO2E.KT;48445174;48074965;48796261;49952095;5066803;51170369;52734863;55433494;55905363;56090173;57758072;57482618;55930244;5658992;5738286;57534932;5653081;57363193;55583789;51564249;53921094;51735912;4956053;50920972;51072086;49907037;48944992;48193651;49753004;48177104;43205325
Uzbekistán;UZB;Emisiones de CO2 (kt);EN.ATM.CO2E.KT;1177677;1185848;1130768;1145929;1088766;981546;996003;1007323;1162635;1164881;1238045;1256954;129888;1219057;1248401;1191901;1273569;1225806;1288841;1165325;1262405;1286337;1131402;1118565;1048725;993582;1053339;1097085;1127205;1176878;1155778
San Vicente y las Granadinas;VCT;Emisiones de CO2 (kt);EN.ATM.CO2E.KT;826;891;892;1089;1223;1322;1354;1421;1712;1731;1556;1874;1967;2082;2283;2297;2277;246;2292;2882;2336;2249;2408;2263;2675;2465;2552;2251;2523;2351;2198
Venezuela;VEN;Emisiones de CO2 (kt);EN.ATM.CO2E.KT;101630;1009928;1031078;1073879;1065291;1140366;1218354;1275901;1293003;1254588;1315167;1358004;1407476;1357702;1396067;1473744;1475321;1423886;1511121;1525863;1641016;1600396;1811288;1804226;1792361;1631269;1504667;1397874;130158;1075023;72509
Viet Nam;VNM;Emisiones de CO2 (kt);EN.ATM.CO2E.KT;193279;197966;208129;242449;266823;31401;350335;408429;454739;464128;512077;567224;664958;709037;850518;923686;948697;1051374;1175851;132290;1514135;1559733;1555228;1642974;1806988;2015133;2220285;2298774;2861393;3417168;3553231
Vanuatu;VUT;Emisiones de CO2 (kt);EN.ATM.CO2E.KT;669;669;637;637;636;668;856;89;828;894;893;929;829;87;617;616;616;105;1011;1275;1271;1342;1205;1119;1589;1343;1513;141;1775;1669;1213
Mundo;WLD;Emisiones de CO2 (kt);EN.ATM.CO2E.KT;2128404279;214404902;2139004084;2153183341;2167689494;2229920328;2277898329;2320262339;2336554783;2353042141;2428027196;2464443795;2498951293;2613342308;2733185294;2837181705;2930817554;3041899407;3063229865;3023805003;3209587294;3307972135;334600875;3411989439;3426136966;3407017685;341456523;3468783709;3556055579;354772454;3356642759
Samoa;WSM;Emisiones de CO2 (kt);EN.ATM.CO2E.KT;89;977;1029;1125;1034;1166;1315;1291;1461;1451;1486;1626;1702;1692;175;1791;1771;1863;1695;1764;1924;196;1981;1967;2073;2323;2467;2552;2487;2787;2065
Yemen, Rep. del;YEM;Emisiones de CO2 (kt);EN.ATM.CO2E.KT;66423;84985;9130;85523;93396;105317;107991;116407;124554;14059;150305;160653;160937;186997;196288;211056;219185;232702;242162;265687;254319;229501;210125;27825;274299;135522;100352;96822;113498;111948;99601
Sudáfrica;ZAF;Emisiones de CO2 (kt);EN.ATM.CO2E.KT;2476147;242286;2387806;2464459;2520885;2642515;2740437;2885848;2961969;2782709;2844633;3203933;331272;3530335;3799398;3776427;379736;3971619;4271117;404354;4255484;4094803;4270017;4372617;4482981;4250631;4256829;4352145;4396446;446626;3932416
Zambia;ZMB;Emisiones de CO2 (kt);EN.ATM.CO2E.KT;27408;28762;2848;25144;21438;21295;17619;22855;2173;1764;18072;183528;192295;20842;21062;22931;21775;19816;21859;24852;26569;30507;40303;42386;4686;49566;53153;68107;78572;76157;76071
Zimbabwe;ZWE;Emisiones de CO2 (kt);EN.ATM.CO2E.KT;165355;18301;184696;170756;159605;154836;14862;138261;140731;158181;135789;135454;122934;101033;96723;104559;97918;97543;77116;75727;9518;113576;119549;122168;120107;119887;104502;9781;110699;101853;83125
